overall,material,color,arch,wear,term,time,individual,pair,weight,foot,situation,size,quality,light,fit,fashion,way,activity,style,comfortable,shoe
4.0,1,0,0,-1,0,0,0,0,0,1,0,1,0,0,0,0,0,0,0,1,-1
4.0,0,0,0,0,0,0,0,0,0,0,0,0,0,0,0,0,0,0,0,0,0
5.0,0,0,0,0,0,0,0,0,0,0,0,0,0,0,0,0,0,0,0,0,0
3.0,0,0,1,0,0,0,0,0,0,0,0,0,0,0,0,0,0,0,0,0,0
5.0,0,0,0,0,0,0,0,0,1,0,0,0,0,1,0,0,0,0,0,0,0
5.0,0,0,0,0,0,0,0,0,0,0,0,0,0,0,0,0,0,0,0,0,0
5.0,0,0,0,0,0,0,0,0,1,0,0,0,0,1,0,0,0,0,0,0,0
5.0,0,0,0,0,0,0,0,0,0,0,0,0,0,0,0,0,0,0,0,0,0
3.0,0,0,0,0,0,0,0,0,0,0,0,0,0,0,0,0,0,0,0,0,0
5.0,0,0,0,0,0,0,0,0,0,0,0,0,0,0,1,0,0,0,0,0,1
5.0,0,0,0,1,0,0,0,0,0,0,0,0,0,0,0,0,0,0,0,0,0
5.0,0,0,0,0,0,0,0,0,0,0,0,0,0,0,0,0,0,0,0,0,0
5.0,0,0,0,1,0,0,0,0,0,0,0,0,0,0,0,0,0,0,0,0,0
5.0,0,0,0,0,0,0,0,0,0,0,0,1,0,0,0,0,0,0,0,0,1
5.0,0,0,0,1,0,0,0,1,0,0,0,0,0,0,1,0,0,0,0,0,1
5.0,0,0,0,0,0,0,0,0,0,0,0,0,0,0,1,0,0,0,0,0,0
4.0,0,0,0,0,0,0,0,0,0,0,0,0,0,0,0,0,0,0,0,0,0
4.0,0,0,0,0,0,1,0,1,0,0,0,1,0,0,0,0,0,0,0,0,0
5.0,0,0,0,0,0,0,0,0,1,0,0,0,0,1,0,0,0,0,0,0,0
5.0,0,0,0,0,0,0,0,0,0,0,0,0,0,0,1,0,0,0,0,0,0
5.0,0,0,0,0,0,0,0,1,0,0,0,0,0,0,0,0,0,0,0,0,1
5.0,0,0,0,0,0,0,1,0,0,1,0,0,0,0,0,0,0,0,0,1,1
5.0,0,0,0,0,0,1,0,0,0,0,0,0,0,0,0,0,0,0,0,0,0
5.0,-1,0,0,-1,0,0,0,0,-1,0,0,0,0,-1,0,0,0,0,0,0,1
5.0,0,0,0,0,0,0,0,0,0,0,0,0,0,0,0,0,0,0,0,0,0
5.0,0,0,0,0,0,0,0,0,0,0,0,0,0,0,0,0,0,0,0,0,0
3.0,0,0,0,1,0,0,0,0,0,1,1,0,0,0,0,0,0,0,0,0,0
3.0,0,0,0,0,0,0,0,0,0,0,0,0,0,0,0,0,0,0,0,0,0
5.0,0,0,0,0,0,0,0,0,0,0,0,0,0,0,0,0,0,0,0,0,0
1.0,0,0,0,0,0,0,0,0,0,0,0,0,0,0,0,0,0,0,0,0,1
3.0,0,-1,0,0,0,0,-1,0,0,0,0,0,0,0,0,0,0,0,0,0,0
5.0,0,0,0,0,0,1,0,1,0,1,0,0,0,1,1,0,0,0,0,1,1
5.0,0,0,0,0,0,0,0,0,0,0,0,0,0,0,0,0,0,0,0,0,0
5.0,0,0,0,0,0,0,0,0,0,0,0,0,0,0,1,0,0,0,0,0,1
5.0,0,0,0,0,0,1,0,0,1,0,0,0,0,0,0,0,0,0,0,0,0
1.0,0,0,0,1,0,0,0,0,0,0,0,1,0,0,1,1,1,0,1,0,0
3.0,0,0,0,0,0,0,0,0,0,0,0,0,0,0,0,0,0,0,0,0,0
5.0,0,0,0,0,0,0,0,1,0,0,0,0,0,0,0,0,0,0,0,0,0
5.0,0,0,0,0,0,0,0,0,0,0,0,0,0,0,1,0,0,0,0,0,0
4.0,0,0,0,0,0,0,0,0,0,0,0,0,0,0,0,0,0,0,0,0,0
5.0,0,0,0,1,0,0,0,1,0,0,0,0,0,1,1,0,0,0,0,0,1
5.0,0,0,0,0,0,0,0,0,0,0,0,0,0,0,0,0,0,0,0,0,0
5.0,0,0,0,0,0,0,0,0,0,0,0,0,0,0,0,0,0,0,0,0,0
5.0,0,0,0,0,0,0,0,0,0,0,0,0,0,0,1,0,0,0,0,0,1
5.0,0,0,0,0,0,0,0,0,0,0,0,1,0,0,1,0,0,0,0,0,1
5.0,0,0,0,0,0,0,0,0,0,0,0,0,0,0,0,0,0,0,0,0,1
5.0,0,0,0,0,0,0,0,0,0,0,0,1,0,0,0,0,0,0,0,0,0
5.0,0,1,0,0,0,0,0,0,0,0,0,0,0,0,0,0,0,0,0,0,0
5.0,0,1,0,0,0,0,0,0,0,0,0,0,0,1,0,0,0,0,0,0,0
3.0,0,0,0,0,0,0,0,0,0,0,0,0,0,0,0,0,0,0,0,0,0
3.0,0,0,0,0,0,0,0,0,0,0,0,0,0,0,0,0,0,0,0,0,0
5.0,0,0,0,0,0,0,0,0,0,0,0,0,0,0,0,0,0,0,0,0,1
5.0,0,0,0,0,0,0,0,0,0,0,0,0,0,0,1,0,0,0,0,0,0
5.0,0,0,0,0,0,0,0,0,0,0,0,0,0,0,0,0,0,0,0,0,0
2.0,0,0,0,0,0,0,0,0,0,0,0,1,0,0,0,0,0,0,0,0,1
5.0,0,0,0,0,0,0,0,0,0,0,0,0,0,0,0,0,0,0,0,0,0
4.0,0,0,0,0,0,0,0,0,0,0,0,0,0,0,0,0,0,0,0,0,0
5.0,0,0,0,0,0,0,0,0,1,0,0,0,0,1,1,0,0,0,0,0,0
5.0,0,0,0,0,0,0,0,0,0,0,0,0,0,0,1,0,0,0,0,1,0
5.0,0,0,0,0,0,0,0,0,0,-1,0,0,0,0,1,0,0,0,0,0,1
5.0,0,0,0,0,0,0,0,0,0,0,0,0,0,0,0,0,0,0,0,0,0
5.0,0,0,0,0,0,0,0,0,0,0,0,0,0,0,0,0,0,0,0,0,0
5.0,0,0,0,0,0,0,0,0,0,0,0,0,0,0,1,0,0,0,0,0,0
3.0,0,0,0,0,0,0,0,0,0,0,0,0,0,0,0,0,0,0,0,1,0
5.0,0,0,0,0,0,0,0,0,0,0,0,0,0,0,0,0,0,0,0,0,0
5.0,0,0,0,0,0,0,0,0,0,0,0,0,0,0,0,0,0,0,0,0,0
5.0,0,0,0,0,0,0,0,0,0,0,0,0,0,0,0,0,0,0,0,0,0
5.0,0,0,0,0,0,0,0,0,0,0,0,0,0,0,1,0,0,0,0,0,0
5.0,0,0,0,0,0,0,0,0,0,0,0,0,0,0,0,0,0,0,0,0,0
5.0,0,0,0,0,0,0,0,0,0,0,0,0,0,0,0,0,0,0,0,0,0
3.0,0,0,0,0,0,0,0,0,0,0,0,0,0,0,0,0,0,0,0,0,0
5.0,0,0,0,0,0,0,0,0,0,0,0,0,0,0,0,0,0,0,0,0,1
5.0,0,0,0,1,0,0,0,0,1,0,0,0,0,1,1,0,0,0,0,0,0
5.0,0,0,0,0,0,0,0,0,0,0,0,1,0,0,0,0,0,0,0,0,0
5.0,0,0,0,0,0,0,0,0,0,0,0,0,0,0,0,0,0,0,0,0,1
5.0,0,0,0,0,0,0,0,0,0,0,0,1,0,0,1,0,0,0,0,0,0
4.0,0,0,0,0,0,0,0,0,0,0,0,0,0,0,0,0,0,0,0,0,0
5.0,0,0,0,0,0,0,0,0,0,0,0,0,0,0,0,0,0,0,0,0,0
5.0,0,0,0,0,0,0,0,0,0,0,0,0,0,0,0,0,0,0,0,0,0
2.0,0,0,0,0,0,0,0,0,0,0,0,0,0,0,0,0,0,0,0,0,0
3.0,0,0,0,0,0,0,0,0,0,0,0,0,0,0,0,0,0,0,0,0,0
4.0,0,0,0,0,0,0,0,0,0,0,0,0,0,0,0,1,1,0,1,1,0
5.0,0,0,1,0,0,0,0,0,0,0,0,0,0,0,0,0,0,0,0,0,0
5.0,0,0,0,0,0,0,0,0,0,0,0,0,0,0,0,0,0,0,0,1,0
4.0,0,0,0,0,0,0,0,0,0,0,0,0,0,0,0,0,0,0,0,0,1
5.0,0,0,0,-1,0,0,0,-1,0,1,0,0,0,-1,1,0,0,0,0,-1,-1
5.0,0,0,0,0,0,0,0,1,0,0,0,0,0,0,0,0,0,0,0,0,1
5.0,0,0,0,0,0,0,0,0,0,0,0,0,0,0,0,0,0,0,0,0,0
2.0,0,0,0,0,0,0,0,0,0,0,0,0,0,0,0,0,0,0,0,0,1
5.0,0,0,0,0,0,0,0,0,0,0,0,0,0,0,0,1,1,0,1,0,0
5.0,0,-1,1,-1,0,0,0,0,0,0,0,-1,0,0,0,0,-1,0,0,0,-1
5.0,0,0,0,1,0,0,0,0,0,1,0,0,0,0,1,0,0,0,0,0,1
5.0,0,0,0,0,0,0,0,0,0,0,0,0,0,0,0,0,0,0,0,0,0
5.0,0,0,0,0,0,0,0,0,0,0,0,0,0,0,0,0,0,0,0,0,0
5.0,0,0,0,1,0,0,0,0,0,0,0,0,0,0,0,0,0,0,0,1,1
4.0,0,0,0,0,0,0,0,0,0,0,0,0,0,0,0,0,0,0,0,0,0
4.0,0,0,0,0,0,0,0,0,0,0,0,0,0,0,0,0,0,0,0,0,0
5.0,0,0,0,0,0,0,0,-1,0,0,0,0,0,0,0,0,0,0,0,0,0
3.0,0,0,0,0,0,0,0,0,0,0,0,0,0,0,0,1,1,0,1,0,0
5.0,0,0,0,0,0,0,0,0,0,0,0,0,0,0,0,0,0,0,0,0,0
3.0,0,0,0,-1,0,-1,0,0,0,0,0,0,0,0,0,0,0,0,0,0,0
5.0,0,0,0,0,0,0,0,0,0,0,0,0,0,0,0,0,0,0,0,0,0
5.0,0,0,0,0,0,0,0,0,0,1,0,0,0,1,0,0,0,0,0,1,0
1.0,0,0,0,1,0,0,0,0,0,0,0,0,0,0,0,1,1,0,1,0,0
5.0,0,0,0,0,0,0,0,0,0,0,0,0,0,0,0,0,0,0,0,0,0
5.0,0,0,0,0,0,0,0,0,0,0,0,0,0,0,0,0,0,0,0,0,0
4.0,0,0,0,1,0,0,0,0,0,0,0,0,0,0,0,0,0,0,0,0,0
3.0,0,0,0,0,0,0,0,0,0,1,0,0,0,0,0,0,0,0,0,0,1
5.0,0,0,0,0,0,0,0,1,1,0,0,0,0,1,0,0,0,0,0,1,1
4.0,0,0,0,0,0,0,0,0,0,0,0,0,0,0,0,0,0,0,0,0,0
5.0,0,0,0,0,0,0,0,0,0,0,0,0,0,0,0,0,0,0,0,0,0
5.0,0,0,0,0,0,0,0,0,0,0,0,0,0,0,0,0,0,0,0,0,0
4.0,0,0,0,0,0,0,0,0,0,0,0,0,0,0,0,0,0,0,0,0,0
1.0,0,1,0,0,0,0,0,0,0,0,0,0,0,0,0,0,0,0,0,0,0
5.0,0,0,0,0,0,0,0,1,0,0,0,0,0,0,0,0,0,0,0,0,1
5.0,0,0,0,0,0,0,0,0,0,1,0,0,0,0,0,0,0,0,0,0,0
5.0,0,1,0,0,0,0,0,0,0,0,0,1,0,0,1,0,0,0,0,0,1
5.0,-1,1,0,1,0,1,0,0,-1,0,0,-1,0,-1,-1,1,1,0,1,1,0
5.0,0,0,0,0,0,0,0,0,0,0,0,0,0,1,0,0,0,0,0,0,0
5.0,0,0,0,0,0,0,0,0,0,0,0,0,0,0,0,0,0,0,0,0,0
5.0,0,0,0,0,0,0,0,0,0,0,0,0,0,0,0,0,0,0,0,0,0
5.0,0,0,0,-1,0,0,0,-1,0,0,0,0,0,0,0,0,0,0,0,0,0
2.0,0,0,0,0,0,0,0,0,0,0,0,0,0,0,-1,0,0,0,0,0,0
5.0,0,0,0,0,0,0,0,0,0,0,0,0,0,0,1,0,0,0,0,0,0
1.0,0,0,0,0,0,0,0,0,0,0,0,0,0,0,0,0,0,0,0,0,0
1.0,0,0,0,0,0,0,0,0,0,0,0,0,0,0,0,0,0,0,0,0,0
4.0,0,0,0,0,0,0,0,0,0,0,0,0,0,0,0,0,0,0,0,0,0
5.0,0,0,0,0,0,0,0,0,0,0,0,0,0,0,0,0,0,0,0,1,0
4.0,0,0,0,0,0,1,0,0,0,0,0,-1,0,1,0,0,-1,0,0,0,1
5.0,0,0,0,0,0,0,0,0,0,0,0,0,0,0,0,0,0,0,0,0,0
4.0,0,0,0,0,0,0,0,0,0,0,0,0,0,0,1,0,0,0,0,0,0
4.0,0,0,0,0,0,0,0,0,0,0,0,0,0,0,0,0,0,0,0,1,0
4.0,0,0,0,0,0,0,0,0,0,0,0,1,0,0,0,0,0,0,0,0,0
5.0,0,0,0,0,0,0,0,0,0,0,0,0,0,1,0,0,0,0,0,0,0
5.0,0,0,0,1,0,0,0,0,0,0,0,1,0,0,0,0,0,0,0,1,0
5.0,0,0,0,0,0,0,0,0,0,0,0,0,0,0,0,0,0,0,0,1,0
5.0,0,0,0,0,0,0,0,0,0,0,0,0,0,0,1,0,0,0,0,0,0
5.0,0,0,0,1,0,0,0,0,0,0,0,0,0,0,0,0,0,0,0,0,0
3.0,0,0,0,0,0,0,0,0,0,0,0,1,0,0,0,0,0,0,0,0,1
4.0,0,0,0,0,0,0,0,0,0,0,0,0,0,0,0,0,0,0,0,0,0
5.0,0,0,0,0,0,0,0,0,1,0,0,0,0,0,0,0,0,0,0,1,0
5.0,0,0,0,0,0,0,0,0,0,0,0,-1,0,0,1,0,0,0,0,0,0
5.0,0,1,0,0,0,0,0,0,0,0,0,0,0,-1,1,0,0,0,0,0,0
5.0,0,0,0,0,0,0,0,1,0,1,0,0,0,0,1,0,0,0,0,1,1
5.0,0,0,0,1,0,0,0,0,0,0,0,0,0,0,0,0,0,0,0,0,0
5.0,0,0,0,1,0,0,0,0,0,0,0,0,0,0,0,0,0,0,0,0,0
2.0,0,0,0,0,0,0,0,0,0,0,0,0,0,0,0,0,0,0,0,0,1
5.0,0,0,0,0,0,0,0,0,0,0,0,0,0,0,1,0,0,0,0,1,0
4.0,0,1,0,1,0,0,0,0,0,0,0,0,0,0,0,1,1,0,1,0,1
5.0,0,0,0,0,0,0,0,0,0,1,0,0,0,0,1,0,0,0,0,0,1
5.0,0,0,0,0,0,0,0,0,0,0,0,0,0,0,0,0,0,0,0,0,0
5.0,0,0,0,0,0,0,0,0,0,0,0,0,0,0,0,0,0,0,0,0,0
5.0,0,0,0,0,0,0,0,0,0,0,0,0,0,0,0,0,0,0,0,0,0
5.0,0,0,0,0,0,0,0,0,0,0,0,0,0,0,0,0,0,0,0,0,0
4.0,0,0,0,1,0,0,0,0,0,0,0,0,0,0,0,0,0,0,0,0,1
5.0,0,0,1,1,0,0,0,1,0,0,0,1,0,0,0,0,0,0,0,0,0
5.0,0,0,0,0,0,0,0,0,0,0,0,0,0,0,0,0,0,0,0,0,0
3.0,0,0,0,0,0,0,0,0,0,0,0,0,0,0,1,0,0,0,0,0,1
5.0,0,0,0,0,0,0,0,0,0,0,0,0,0,0,0,0,0,0,0,0,0
2.0,0,0,0,0,0,0,0,0,0,0,0,0,0,0,0,0,0,0,0,0,0
5.0,0,0,0,0,0,0,0,0,0,0,0,0,0,0,0,0,0,0,0,0,0
5.0,0,0,0,0,0,0,0,1,0,0,0,0,0,0,1,0,0,0,0,0,1
2.0,0,0,0,1,0,1,0,0,0,0,0,1,0,0,0,0,0,0,0,0,0
4.0,0,0,0,1,0,0,0,0,0,0,0,0,0,0,0,0,0,0,0,0,0
1.0,0,0,0,0,0,0,0,0,0,0,0,0,0,0,0,0,0,0,0,0,0
5.0,0,1,0,0,0,0,0,0,0,0,0,0,0,0,0,0,0,0,0,0,0
3.0,0,0,0,0,0,0,0,1,0,1,0,0,0,0,0,0,0,0,0,0,0
5.0,0,0,0,0,0,0,0,0,0,0,0,0,0,0,0,0,0,0,0,0,0
3.0,0,0,0,1,0,0,0,0,0,0,0,0,0,1,0,0,0,0,0,0,-1
5.0,0,0,0,0,0,0,0,0,0,0,0,0,0,0,0,0,0,0,0,0,0
3.0,0,0,0,0,0,1,0,0,0,0,0,0,0,0,1,0,0,0,0,0,1
5.0,0,0,0,0,0,0,0,0,0,0,0,0,0,0,0,0,0,0,0,0,1
5.0,0,1,0,0,0,0,0,0,0,0,0,0,0,0,0,0,0,0,0,0,0
5.0,0,0,0,0,0,0,0,0,0,0,0,0,0,1,0,0,0,0,0,0,0
5.0,0,0,0,0,0,0,0,0,0,0,0,0,0,0,0,0,0,0,0,0,0
3.0,0,0,0,0,0,0,0,0,0,0,0,0,0,0,1,0,0,0,0,0,0
5.0,0,0,0,0,0,0,0,0,0,0,0,0,0,0,0,0,0,0,0,0,0
5.0,0,0,0,0,0,0,0,-1,0,0,0,0,0,0,0,0,0,0,0,0,1
5.0,0,0,0,0,0,0,0,0,0,0,0,0,-1,0,1,0,0,0,0,0,0
3.0,0,0,0,0,0,0,0,0,0,1,0,1,0,0,1,0,0,0,0,0,0
5.0,0,0,0,0,0,0,0,0,0,0,0,0,0,0,0,0,0,0,0,1,0
5.0,0,0,0,0,0,1,0,0,0,0,0,0,0,0,1,0,0,0,0,0,1
4.0,0,0,0,1,0,0,0,0,0,0,0,0,0,0,0,0,0,0,0,0,0
5.0,0,0,0,0,0,0,0,1,0,0,0,0,0,0,1,0,0,0,0,0,1
5.0,0,0,0,0,0,0,0,0,0,0,0,0,0,0,0,0,0,0,0,0,0
5.0,0,0,1,1,0,0,0,0,0,0,0,0,0,0,1,1,1,0,1,0,0
3.0,0,0,0,0,0,0,0,0,0,0,0,1,0,0,1,0,0,0,0,0,1
5.0,0,0,0,0,0,0,0,0,0,0,0,0,0,0,0,0,0,0,0,0,0
5.0,0,0,0,0,0,0,0,0,0,0,0,0,0,0,0,0,0,0,0,0,0
4.0,0,0,0,0,0,0,0,0,1,0,0,0,0,1,0,0,0,0,0,0,0
5.0,0,0,0,0,0,0,0,0,0,0,0,0,0,0,1,0,0,0,0,0,0
4.0,0,0,0,0,0,0,0,0,0,0,0,0,0,0,0,0,0,0,0,0,0
5.0,0,0,0,0,0,0,0,1,0,0,0,0,0,0,0,1,1,0,1,1,1
5.0,0,0,1,0,0,0,0,-1,0,1,0,0,0,0,1,0,0,0,0,1,1
3.0,0,0,0,0,0,0,0,0,0,0,0,0,0,0,0,1,1,0,1,0,1
5.0,0,0,0,0,0,0,0,0,0,0,0,0,0,0,0,0,0,0,0,0,0
5.0,0,0,0,0,0,0,0,0,1,0,0,0,0,1,0,0,0,0,0,1,0
5.0,0,0,0,0,0,0,0,0,0,0,0,1,0,0,0,0,0,0,0,0,0
5.0,0,0,0,0,0,0,0,0,0,0,0,0,0,0,0,0,0,0,0,1,0
5.0,0,0,0,0,0,0,0,0,0,0,0,0,0,0,0,0,0,0,0,0,0
5.0,0,0,0,0,0,0,0,1,0,0,0,0,0,0,0,0,0,0,0,0,0
4.0,0,0,0,1,0,0,0,0,0,0,0,0,0,0,1,0,0,0,0,0,0
2.0,0,0,0,0,0,0,0,0,0,0,0,0,0,0,0,0,0,0,0,0,0
4.0,0,0,0,0,0,0,0,0,1,0,0,0,0,1,0,0,0,0,0,0,0
4.0,0,0,0,0,0,0,0,0,0,0,0,0,0,0,0,1,1,0,1,0,0
5.0,0,1,0,0,0,0,0,0,0,0,0,0,0,0,0,0,0,0,0,0,0
5.0,0,0,0,0,0,0,0,0,0,0,0,0,0,0,1,0,0,0,0,0,0
5.0,0,0,0,0,0,0,0,0,0,0,0,0,0,0,0,0,0,0,0,0,0
1.0,0,0,0,1,0,0,0,0,0,0,0,0,0,1,0,0,0,0,0,0,0
3.0,0,0,0,0,0,0,0,1,0,0,0,0,0,0,0,0,0,0,0,0,0
3.0,0,0,0,0,0,0,0,0,0,0,0,1,0,0,0,0,0,0,0,0,0
3.0,0,0,0,0,0,0,1,-1,0,0,0,0,0,0,0,0,0,0,0,0,0
5.0,0,0,0,0,0,0,0,0,0,1,0,0,0,1,0,0,0,0,0,0,0
3.0,0,0,0,0,0,0,0,0,0,0,-1,0,0,-1,0,0,0,0,0,0,-1
5.0,0,0,0,0,0,0,0,1,0,0,0,0,0,0,0,0,0,0,0,1,1
5.0,0,0,0,0,0,0,0,0,0,0,0,0,0,0,1,0,0,0,0,1,0
5.0,0,0,0,0,0,0,0,0,0,0,0,1,0,0,0,0,0,0,0,0,0
4.0,0,0,0,0,0,0,0,0,0,0,0,0,0,0,1,0,0,0,0,0,1
5.0,0,0,1,-1,0,0,0,0,0,0,0,0,0,0,-1,0,0,0,0,0,0
5.0,0,-1,0,1,0,0,1,0,0,-1,0,0,0,0,0,0,0,1,0,0,1
5.0,0,0,0,1,0,0,0,1,0,1,0,0,0,0,1,0,0,0,0,0,0
5.0,0,0,0,0,0,0,0,0,0,0,0,0,0,0,0,0,0,0,0,1,1
4.0,0,0,0,0,0,0,0,0,0,0,0,0,0,0,0,0,0,0,0,0,0
4.0,0,0,0,0,0,0,0,0,0,0,0,0,0,0,0,0,0,0,0,0,0
5.0,0,0,0,0,0,0,0,0,0,0,0,0,0,0,0,0,0,0,0,0,1
5.0,0,0,0,0,0,0,0,0,0,0,0,1,0,0,1,0,0,0,0,0,1
5.0,0,0,0,1,0,0,0,0,0,0,0,0,0,0,0,0,0,0,0,0,0
3.0,1,0,0,0,0,0,0,0,0,0,0,0,0,-1,0,0,0,0,0,0,0
5.0,0,0,0,0,0,0,0,0,0,0,0,0,0,0,0,0,0,0,0,1,0
5.0,0,0,0,0,0,0,0,0,0,0,0,0,0,0,0,0,0,0,0,0,0
2.0,0,0,0,0,0,0,0,0,0,0,0,0,-1,0,0,0,0,0,0,0,0
4.0,0,0,0,0,0,0,0,0,0,0,0,0,0,0,0,0,0,0,0,0,0
5.0,0,0,0,0,0,0,0,0,0,0,0,0,0,0,0,0,0,0,0,0,0
5.0,0,0,0,0,0,0,0,0,0,0,0,0,0,0,1,0,0,0,0,0,0
5.0,0,0,0,0,0,0,0,0,0,0,0,0,0,0,0,0,0,0,0,0,0
4.0,0,0,0,-1,0,0,0,0,0,0,0,-1,0,0,0,0,0,0,0,0,0
5.0,0,0,0,0,0,0,0,1,0,1,0,1,0,0,1,0,0,0,0,1,0
5.0,0,0,0,0,0,0,0,0,0,0,0,0,0,0,0,0,0,0,0,0,0
5.0,0,1,0,0,0,0,0,0,0,0,0,0,0,1,0,0,0,0,0,0,0
3.0,0,0,0,-1,0,-1,0,-1,0,0,0,0,0,0,-1,0,0,0,0,0,1
5.0,0,0,0,0,0,0,0,0,0,0,0,0,0,0,0,0,0,0,0,0,0
5.0,0,0,0,0,0,0,0,0,0,0,0,0,0,0,1,0,0,0,0,0,0
5.0,0,0,0,0,0,0,0,0,0,0,0,0,0,0,0,0,0,0,0,0,0
5.0,0,0,0,0,0,0,0,0,0,0,0,0,0,0,0,0,0,0,0,0,0
1.0,0,0,0,0,0,0,0,0,0,0,0,0,0,0,0,0,0,0,0,0,0
5.0,0,0,0,1,0,0,0,0,0,0,0,0,0,0,0,0,0,0,0,0,0
5.0,0,0,0,0,0,0,0,0,0,0,0,0,0,0,1,0,0,0,0,0,0
5.0,0,0,0,0,0,0,0,0,1,0,0,0,0,1,0,0,0,0,0,1,0
5.0,0,0,0,0,0,0,0,0,0,0,0,0,0,0,0,0,0,0,0,0,0
5.0,0,0,0,0,0,0,0,0,0,0,0,0,0,0,0,0,0,0,0,0,0
5.0,0,0,0,0,0,0,0,0,0,0,0,0,0,0,0,0,0,0,0,0,0
5.0,0,0,0,0,1,0,0,0,0,0,0,0,0,0,0,0,0,0,0,0,0
5.0,0,0,0,0,0,0,0,0,0,0,0,0,0,0,0,0,0,0,0,0,0
5.0,0,0,0,0,0,0,0,0,0,0,0,0,0,0,0,0,0,0,0,0,0
5.0,0,0,0,0,0,0,0,0,0,0,0,0,0,0,0,0,0,0,0,0,0
5.0,0,0,0,0,0,0,0,0,0,0,0,0,0,0,0,0,0,0,0,1,0
5.0,0,0,0,0,0,0,0,0,0,0,0,0,0,1,0,0,0,0,0,0,0
5.0,0,1,0,0,0,0,0,1,0,0,0,0,0,0,1,1,1,0,1,0,0
5.0,0,0,0,0,0,0,0,0,0,0,0,0,0,0,0,0,0,0,0,0,0
5.0,0,0,0,0,0,0,0,0,0,0,0,0,0,0,0,0,0,0,0,1,0
5.0,0,0,0,0,0,0,0,0,0,0,0,0,0,0,1,0,0,0,0,0,0
4.0,0,0,0,0,0,0,0,1,0,0,0,0,0,0,0,0,0,0,0,0,1
5.0,0,0,0,0,0,0,0,0,1,0,0,0,0,1,1,0,0,0,0,0,1
5.0,0,0,0,0,0,0,0,0,0,0,0,0,0,0,0,0,0,0,0,0,0
4.0,0,0,0,0,0,0,0,0,0,0,0,-1,0,0,0,0,0,0,0,0,0
5.0,0,0,0,0,0,0,0,0,0,0,0,0,0,0,0,0,0,0,0,0,1
5.0,0,0,0,0,0,0,0,0,0,0,0,0,0,1,0,0,0,0,0,0,0
2.0,0,0,0,0,0,0,0,0,0,0,0,0,0,0,0,0,0,0,0,0,0
4.0,0,0,0,0,0,0,0,0,0,0,0,0,0,0,0,0,0,0,0,0,0
5.0,0,0,0,0,0,0,0,0,0,0,0,0,0,0,0,1,1,0,1,0,0
5.0,0,0,0,0,0,0,0,0,0,0,0,0,0,0,0,0,0,0,0,0,0
3.0,0,0,0,0,0,0,0,0,0,0,0,1,0,0,0,0,0,0,0,0,0
3.0,0,0,0,0,0,0,0,0,0,0,0,0,0,0,0,1,1,0,1,0,0
3.0,0,0,0,0,0,0,0,0,0,0,0,0,-1,0,0,0,0,0,0,0,1
4.0,0,0,0,0,0,0,0,0,0,0,0,0,0,0,0,0,0,0,0,1,1
4.0,0,0,0,0,0,0,0,0,0,0,0,0,0,0,0,0,0,0,0,0,0
4.0,0,0,0,0,0,0,0,1,0,0,0,0,0,0,0,0,0,0,0,1,0
5.0,0,0,0,0,0,0,0,0,0,1,0,0,0,0,1,0,0,0,0,0,1
4.0,0,1,0,0,0,0,0,0,0,0,0,1,0,0,0,0,0,0,0,0,0
3.0,0,0,0,0,0,0,0,0,0,0,0,0,0,0,0,0,0,0,0,1,0
5.0,0,0,0,1,0,1,0,1,0,0,0,0,0,0,0,0,0,0,0,0,0
5.0,0,0,0,1,0,0,0,0,0,0,0,0,0,0,0,0,0,0,0,0,-1
5.0,0,0,0,0,0,0,0,0,0,0,0,-1,0,0,0,0,0,0,0,0,0
5.0,0,0,0,0,0,0,0,0,0,0,0,0,0,0,0,0,0,0,0,1,0
5.0,0,0,0,0,0,0,0,0,0,0,1,0,0,1,0,0,0,0,0,1,0
5.0,0,0,0,0,0,0,0,1,0,0,0,0,0,0,0,0,0,0,0,0,0
2.0,0,1,0,0,0,0,-1,0,1,0,0,0,0,1,1,0,0,0,0,0,0
3.0,0,0,0,0,0,0,0,0,0,0,0,0,0,0,0,0,0,0,0,0,0
5.0,0,0,0,0,0,0,0,0,0,0,0,0,0,0,0,0,0,0,0,0,0
5.0,0,0,0,0,0,0,0,0,0,0,0,0,0,0,1,1,1,0,1,0,1
5.0,0,0,0,0,0,0,0,0,0,0,0,0,0,-1,0,0,0,0,0,0,0
4.0,0,0,1,0,0,0,0,0,0,0,0,0,0,0,1,0,0,0,0,0,-1
5.0,0,0,1,0,0,1,0,1,0,0,0,0,0,-1,0,0,0,0,0,1,0
5.0,0,0,0,0,0,0,0,0,0,0,0,0,0,0,0,0,0,0,0,0,0
1.0,0,0,0,0,0,0,0,0,0,0,0,0,0,0,0,0,0,0,0,0,1
4.0,0,0,0,0,0,0,0,0,0,0,0,0,0,0,1,0,0,0,0,0,0
5.0,0,0,0,0,0,0,0,0,0,0,0,0,0,0,0,0,0,0,0,1,0
5.0,0,-1,0,-1,0,0,0,0,0,0,0,-1,0,0,0,0,0,0,0,0,-1
1.0,0,0,0,0,0,0,0,0,0,0,0,0,0,0,0,0,0,0,0,0,0
5.0,0,0,0,0,0,0,0,0,0,0,0,0,0,0,0,0,0,0,0,0,0
5.0,0,0,0,0,0,0,0,0,0,0,0,0,0,0,0,0,0,0,0,0,0
5.0,0,0,0,-1,0,0,0,0,0,1,0,-1,0,0,-1,0,0,0,0,1,0
5.0,0,0,0,1,0,0,0,0,0,0,0,0,0,0,0,0,0,0,0,0,0
5.0,0,0,0,0,0,0,0,0,0,0,0,0,0,0,0,0,0,0,0,0,0
4.0,0,0,0,0,0,-1,0,0,0,0,0,-1,0,-1,0,0,0,0,0,0,0
5.0,0,0,0,1,0,0,0,0,0,0,0,0,0,0,0,0,0,0,0,0,1
1.0,0,0,0,0,0,1,0,0,0,0,0,0,0,0,0,0,0,1,0,0,1
4.0,0,0,0,0,0,0,0,0,0,0,0,0,0,0,0,0,0,0,0,0,0
3.0,0,0,0,1,0,-1,0,0,0,0,0,0,0,0,-1,0,0,0,0,0,0
4.0,0,0,0,0,0,0,0,0,0,0,0,0,0,0,0,0,0,0,0,0,0
1.0,0,0,0,0,0,0,0,0,0,0,0,0,0,0,0,0,0,0,0,0,0
5.0,0,0,0,1,0,0,0,0,0,0,0,0,0,0,1,0,0,0,0,1,0
3.0,0,0,0,0,0,0,0,0,0,0,0,0,0,0,0,0,0,0,0,0,0
4.0,0,0,0,0,0,0,0,0,1,0,0,0,0,1,0,0,0,0,0,0,0
5.0,0,0,0,0,0,0,0,0,0,0,0,0,0,0,0,0,0,0,0,1,0
5.0,0,0,0,0,0,0,0,0,0,0,0,1,0,0,0,0,0,0,0,0,1
5.0,0,0,0,0,0,1,0,0,0,0,0,0,0,0,0,0,0,0,0,0,0
5.0,0,0,0,0,0,0,0,0,0,0,0,0,0,0,1,0,0,0,0,0,0
5.0,0,0,0,0,0,0,0,0,0,0,0,0,0,0,0,0,0,0,0,0,0
5.0,0,0,0,0,0,0,0,0,0,0,0,0,0,0,0,0,0,0,0,0,0
3.0,0,0,0,0,0,0,0,0,0,0,0,0,0,0,0,0,0,0,0,0,0
5.0,0,0,0,0,0,0,0,0,0,0,0,0,0,0,0,0,0,0,0,0,0
5.0,0,0,0,0,0,0,0,0,0,0,0,0,0,0,0,0,0,0,0,0,0
3.0,0,0,0,0,0,0,0,0,0,0,0,0,0,0,0,0,0,0,0,0,0
5.0,0,0,0,0,0,0,0,0,0,0,0,0,0,0,0,0,0,0,0,0,1
3.0,0,0,0,1,0,0,0,0,0,0,0,0,0,0,0,0,0,0,0,0,-1
5.0,0,0,1,1,0,0,0,0,0,0,0,0,0,0,0,0,0,1,0,0,0
5.0,0,0,0,0,0,0,0,0,0,0,0,0,0,0,0,0,0,0,0,0,1
5.0,0,0,0,1,0,0,0,1,0,1,0,0,0,1,0,0,0,0,0,0,0
5.0,0,0,0,1,0,0,0,0,0,1,0,0,0,1,0,0,0,0,0,0,1
1.0,0,0,0,0,0,0,0,0,0,0,0,0,0,0,0,0,0,0,0,0,0
3.0,0,0,0,0,0,0,0,0,-1,-1,0,1,0,-1,1,0,-1,0,0,0,0
3.0,0,0,0,0,0,0,0,0,0,0,0,0,0,0,0,0,0,0,0,0,0
5.0,0,0,0,0,0,0,0,0,0,0,0,0,0,0,0,0,0,0,0,0,1
4.0,0,0,0,0,0,0,0,0,0,0,0,0,0,1,0,1,1,0,1,1,1
1.0,0,0,0,0,0,0,0,0,0,0,0,0,0,0,0,0,0,0,0,0,1
5.0,0,0,1,0,0,0,0,0,0,0,0,0,0,0,0,0,0,0,0,0,0
5.0,0,0,0,0,0,0,0,0,0,0,0,0,0,0,0,0,0,0,0,0,0
5.0,0,0,0,1,0,0,0,0,0,0,0,0,0,0,0,0,0,0,0,0,0
3.0,1,0,0,0,0,0,0,0,0,0,0,0,0,0,0,1,1,0,1,0,0
2.0,0,0,0,0,0,0,0,0,0,0,0,0,0,0,1,0,0,0,0,0,1
5.0,0,0,0,0,0,0,0,1,0,0,0,0,0,0,1,1,1,0,1,0,1
5.0,0,0,0,0,0,0,0,0,0,0,0,0,1,0,0,0,0,0,0,0,0
5.0,0,0,0,0,0,0,0,0,0,0,0,0,0,0,0,0,0,0,0,0,1
5.0,0,0,0,0,0,0,0,0,0,0,0,0,0,0,0,0,0,0,0,0,0
5.0,0,0,0,1,0,1,0,0,0,0,0,0,0,1,1,0,0,0,0,0,1
5.0,0,0,0,0,0,0,0,1,0,0,0,-1,0,0,0,0,0,0,0,0,0
4.0,0,0,0,1,0,0,0,0,0,0,0,0,0,0,0,1,1,0,1,0,1
2.0,0,0,0,0,0,0,0,0,0,0,0,0,0,0,0,0,0,0,0,0,0
2.0,0,0,0,0,0,0,0,0,0,0,0,0,0,0,0,0,0,0,0,0,0
5.0,0,0,0,1,0,0,0,0,0,0,0,1,0,1,0,0,0,0,0,0,1
5.0,0,0,1,0,0,0,0,0,0,0,0,0,0,0,0,0,0,0,0,0,0
5.0,0,-1,0,1,0,0,0,0,0,0,0,0,0,0,0,0,0,0,0,-1,0
5.0,0,0,0,0,0,0,0,0,0,0,0,0,0,0,1,0,0,0,0,0,1
5.0,0,0,0,0,0,0,0,0,0,0,0,0,0,0,0,0,0,0,0,0,0
3.0,0,0,1,0,0,0,0,0,0,1,0,0,0,1,1,0,0,0,0,0,0
5.0,0,0,0,0,0,0,0,0,0,0,0,0,0,0,0,0,0,0,0,0,0
5.0,0,0,0,0,0,0,0,0,0,0,0,0,0,0,0,0,0,0,0,0,0
5.0,0,0,0,0,0,0,0,0,0,0,0,0,0,0,0,0,0,0,0,0,0
4.0,0,0,0,-1,0,0,0,0,0,0,0,0,0,0,0,0,0,0,0,0,0
3.0,0,0,0,0,0,0,0,0,1,0,0,0,0,1,0,0,0,0,0,0,1
5.0,0,0,0,0,0,0,0,1,0,0,0,1,0,0,1,0,0,0,0,0,0
3.0,0,0,0,0,0,0,0,0,0,0,0,0,0,0,1,0,1,0,0,0,1
5.0,0,0,0,1,0,0,0,0,0,-1,0,0,0,0,0,0,0,0,0,0,0
5.0,0,0,0,0,0,0,0,0,0,0,0,0,0,0,0,0,0,0,0,0,1
5.0,0,0,0,0,0,0,0,0,0,0,0,0,0,0,1,0,0,0,0,1,1
4.0,0,0,0,-1,0,-1,0,-1,0,1,0,0,0,0,0,0,0,0,0,0,1
5.0,0,0,0,0,0,0,0,0,0,0,0,0,0,0,1,0,0,0,0,0,0
5.0,0,0,0,0,0,0,0,0,0,0,0,0,0,0,0,0,0,0,0,0,0
4.0,0,0,0,0,0,0,0,0,0,0,0,0,0,0,0,0,0,0,0,0,0
5.0,0,0,0,0,0,0,0,0,1,0,0,0,0,1,0,0,0,0,0,0,0
4.0,0,0,0,0,0,0,0,0,0,0,0,0,0,0,0,0,0,0,0,0,1
5.0,0,0,0,0,0,0,0,0,0,0,0,0,0,0,0,0,0,0,0,0,0
5.0,0,0,0,1,0,0,0,0,0,0,0,0,0,0,0,0,0,0,0,0,0
4.0,0,0,1,0,0,1,0,0,0,0,0,0,0,0,0,0,0,0,0,0,0
5.0,0,0,0,0,0,0,0,0,0,0,0,0,0,0,0,0,0,0,0,1,0
5.0,0,0,0,1,0,0,0,0,0,0,0,0,0,0,0,0,0,0,0,0,1
5.0,0,0,0,0,0,0,0,0,0,0,0,1,0,0,0,1,1,0,1,0,1
5.0,0,0,0,0,0,0,0,0,0,0,0,1,0,0,0,0,0,0,0,0,1
5.0,0,0,0,0,0,0,0,0,0,0,0,0,0,0,0,0,0,0,0,0,1
5.0,0,0,0,0,0,0,0,0,0,0,0,0,0,0,0,0,0,0,0,0,0
4.0,0,0,0,0,0,0,0,0,0,1,0,0,0,0,0,0,0,0,0,0,0
3.0,0,0,0,0,0,0,0,0,0,0,0,0,0,0,0,0,0,0,0,0,0
5.0,0,0,0,0,0,0,0,0,0,0,0,0,0,0,0,0,0,0,0,0,0
5.0,0,0,0,0,0,0,0,0,0,0,0,-1,0,0,0,0,0,0,0,0,-1
3.0,0,0,0,1,0,0,0,0,0,1,0,0,0,1,0,0,0,0,0,0,0
5.0,0,0,0,1,0,0,0,0,0,0,0,0,0,1,0,0,0,0,0,0,0
5.0,0,0,0,0,0,0,0,0,0,0,0,0,0,0,0,0,0,0,0,0,0
5.0,0,0,0,1,0,0,0,0,0,1,0,0,0,0,0,0,0,0,0,1,1
5.0,0,0,0,0,0,0,0,0,0,0,0,0,0,0,0,0,0,0,0,0,0
4.0,0,0,0,0,0,0,0,0,0,1,0,0,0,0,0,0,0,0,0,0,1
5.0,0,0,0,0,0,0,0,0,0,0,0,0,0,0,0,0,0,0,0,0,0
5.0,0,0,0,0,0,0,0,0,0,0,0,0,0,1,1,0,0,0,0,0,0
3.0,0,0,0,0,0,0,0,0,0,0,0,0,0,0,0,0,0,0,0,0,0
5.0,0,0,0,0,0,0,0,0,0,0,0,0,0,0,0,0,0,0,0,0,1
5.0,0,0,0,0,0,0,0,0,0,0,0,0,0,0,0,0,0,0,0,0,0
3.0,0,0,0,0,0,0,0,-1,0,0,0,0,0,0,0,0,0,0,0,0,1
1.0,0,0,0,0,0,0,0,0,0,0,0,0,0,0,0,0,0,0,0,0,0
5.0,0,0,0,0,0,0,0,1,0,0,0,0,0,0,1,0,0,0,0,0,1
5.0,0,0,0,0,0,0,0,0,0,1,0,0,0,0,1,0,0,0,0,1,1
5.0,0,0,0,0,0,0,0,0,0,0,0,0,0,0,0,0,0,0,0,0,0
4.0,0,0,0,1,0,0,0,0,0,0,0,0,0,0,1,0,0,0,0,0,0
5.0,0,0,0,0,0,0,0,0,0,0,0,0,0,0,0,0,0,0,0,0,0
5.0,0,0,0,0,0,0,0,0,0,0,0,0,0,0,0,0,0,0,0,0,0
5.0,0,0,0,0,0,0,0,0,0,1,0,0,0,0,0,0,0,0,0,0,1
4.0,0,-1,0,0,0,0,0,0,0,0,0,0,0,1,0,0,0,0,0,0,1
5.0,0,0,0,0,0,0,0,0,0,0,0,0,0,0,1,0,0,0,0,1,0
5.0,0,0,0,0,0,0,0,0,0,0,0,0,0,0,0,0,0,0,0,0,0
5.0,0,0,0,0,0,0,0,0,0,0,0,0,0,0,1,0,0,0,0,0,0
5.0,0,0,0,0,0,0,0,0,0,1,0,1,0,0,1,0,0,0,0,0,0
4.0,-1,0,0,0,0,1,0,0,0,0,0,0,0,0,1,0,0,0,0,0,1
5.0,0,0,0,0,0,0,0,0,0,1,0,0,0,1,1,0,0,0,0,0,1
4.0,0,0,1,0,0,0,0,0,0,0,0,0,0,0,0,0,0,0,0,0,0
5.0,0,0,0,0,0,0,0,0,0,0,0,0,0,0,0,0,0,0,0,0,0
4.0,0,0,0,-1,0,0,0,1,-1,1,0,1,0,-1,-1,0,0,0,0,1,-1
1.0,0,0,0,1,0,0,0,0,0,0,0,0,0,0,0,0,0,0,0,0,1
5.0,0,0,0,0,0,0,0,0,0,0,0,0,0,0,0,0,0,0,0,1,0
4.0,0,0,0,0,0,0,0,0,0,0,0,0,0,0,1,0,0,0,0,0,0
5.0,0,0,0,0,0,0,0,0,0,0,0,0,0,0,0,0,0,0,0,1,0
2.0,0,0,0,0,0,0,0,1,0,0,0,0,0,0,0,0,0,0,0,0,0
5.0,0,0,0,1,0,0,0,0,0,0,0,0,0,0,0,0,0,0,0,0,0
5.0,0,0,1,0,0,0,0,0,0,0,0,0,0,0,0,0,0,0,0,0,0
5.0,0,0,0,0,0,0,0,0,0,0,0,0,0,0,0,0,0,0,0,0,0
5.0,0,0,0,0,0,0,0,0,0,0,0,-1,0,0,0,0,0,0,0,0,0
4.0,0,0,0,0,0,0,0,0,0,0,0,0,0,0,0,0,0,0,0,0,0
5.0,0,0,0,0,0,1,0,0,0,0,0,0,0,0,0,0,0,0,0,0,0
5.0,0,0,0,0,0,0,0,0,0,0,0,0,0,0,0,0,0,0,0,0,0
5.0,0,0,0,0,0,0,0,0,0,0,0,0,0,0,0,0,0,0,0,0,0
5.0,0,0,0,0,0,0,0,0,0,0,0,0,0,0,0,0,0,0,0,0,0
5.0,0,0,0,0,0,0,0,0,0,0,0,0,0,0,1,0,0,0,0,0,0
5.0,0,0,0,1,0,0,0,0,0,0,0,0,0,0,0,0,0,0,0,0,0
5.0,0,0,0,0,0,0,0,0,0,0,0,0,0,0,0,0,0,0,0,0,0
5.0,0,0,0,0,0,0,0,0,0,0,0,0,0,0,0,0,0,0,0,0,1
5.0,0,0,0,0,0,0,0,0,0,0,0,0,0,0,0,0,0,0,0,0,0
